seller_id,seller_state,orders,revenue,late_pct,avg_review,lateness_rank
821fb029fc6e495ca4f08a35d51e53a5,SP,24,17851.62,33.3,3.48,1
ede0c03645598cdfc63ca8237acbe73d,SP,43,2352.15,32.6,3.57,2
ad781527c93d00d89a11eecd9dcad7c1,SP,38,6039.63,31.6,3.34,3
54965bbe3e4f07ae045b90b0b8541f52,PR,73,10351.7,30.1,3.14,4
054694fa03fe82cec4b7551487331d74,SP,20,8286.1,30.0,3.4,5
7f152321c60a266edc53af1925ef96c1,SC,20,3919.8,30.0,3.8,5
f76a3b1349b6df1ee875d1f3fa4340f0,SP,24,4160.79,29.2,3.46,7
2a1348e9addc1af5aaa619b1a3679d6b,MG,48,2697.4,27.1,3.17,8
835f0f7810c76831d6c7d24c7a646d4d,SP,42,4990.2,26.2,3.36,9
1dfe5347016252a7884b694d4f10f5c4,SP,20,1632.5,25.0,3.4,10
4e5725ba188db8252977a4f0227bd462,SP,21,1865.09,23.8,3.52,11
beadbee30901a7f61d031b6b686095ad,SP,64,4373.98,23.4,3.91,12
a49928bcdf77c55c6d6e05e09a9b4ca5,SP,96,8646.9,21.9,3.03,13
ef990a83bbea832f36ebe81376335aa8,SC,43,4642.59,20.9,3.63,14
712e6ed8aa4aa1fa65dab41fed5737e4,SC,77,39385.0,20.8,3.39,15
