state,orders,revenue,avg_delivery_days,late_pct,avg_review
SP,40494,5066562.98,8.8,4.5,4.25
RJ,12350,1759651.13,15.3,12.1,3.97
MG,11354,1552481.83,12.0,4.6,4.19
RS,5344,728718.47,15.3,6.1,4.19
PR,4923,666063.51,12.0,4.0,4.24
SC,3546,507012.13,15.0,8.2,4.13
BA,3256,493584.14,19.3,12.2,3.93
DF,2080,296498.41,13.0,5.7,4.13
GO,1957,282836.7,15.6,6.5,4.1
ES,1995,268643.45,15.8,10.7,4.08
PE,1593,251889.49,18.4,9.6,4.08
CE,1279,219757.38,21.3,13.8,3.94
PA,946,174470.59,23.8,11.2,3.91
MT,886,152191.62,18.1,6.0,4.15
MA,717,117009.38,21.6,17.4,3.83
MS,701,115429.97,15.6,9.7,4.16
PB,517,112586.82,20.4,10.4,4.08
PI,476,84721.0,19.5,13.9,3.99
RN,474,82105.66,19.3,9.3,4.15
AL,397,78855.72,24.5,21.4,3.85
SE,335,56574.19,21.5,15.2,3.91
TO,274,48402.51,17.7,9.9,4.15
RO,243,45682.76,19.4,2.9,4.17
AM,145,22155.84,26.4,2.8,4.24
AC,80,15930.97,21.0,3.8,4.09
AP,67,13374.81,27.2,3.0,4.24
RR,41,7057.47,29.4,12.2,3.9
